id,name,model_id:id,group_id:id,perm_read,perm_write,perm_create,perm_unlink
access_x_delivery_terms_user,x_delivery_terms user access,model_x_delivery_terms,base.group_user,1,1,1,1
access_x_sales_report_type_user,x_sales_report_type user access,model_x_sales_report_type,base.group_user,1,1,1,1
access_8713_bugfix_sales_doc_conclusion_manager,bugfix_sales.doc_conclusion manager,BugFix-Sales.model_bugfix_sales_doc_conclusion,sales_team.group_sale_manager,1,1,1,1
access_8712_bugfix_sales_doc_conclusion_user,bugfix_sales.doc_conclusion user,BugFix-Sales.model_bugfix_sales_doc_conclusion,sales_team.group_sale_salesman,1,0,0,0
access_8711_bugfix_sales_doc_intro_manager,bugfix_sales.doc_intro manager,BugFix-Sales.model_bugfix_sales_doc_intro,sales_team.group_sale_manager,1,1,1,1
access_8710_bugfix_sales_doc_intro_user,bugfix_sales.doc_intro user,BugFix-Sales.model_bugfix_sales_doc_intro,sales_team.group_sale_salesman,1,0,0,0
access_7277_jin___administrator,Jin - Administrator,mrp.model_product_replenish,stock.group_stock_manager,1,1,1,1
access_6864_sale_advance_payment_inv,sale.advance.payment.inv,BugFix-Sales.model_sale_advance_payment_inv,BugFix-Approvals.group_132_jin_sales_pos_users,1,1,1,0
access_6246_inv___administrator,Inv - Administrator,BugFix-Sales.model_sale_order,stock.group_stock_manager,1,1,1,1
access_6849_sales_order,Sales Order,BugFix-Sales.model_sale_order,BugFix-Approvals.group_132_jin_sales_pos_users,1,1,1,0
access_6086_user,User,BugFix-Sales.model_sale_order,helpdesk.group_helpdesk_user,1,1,1,0
access_6855_sale_order_template,sale.order.template,sale_management.model_sale_order_template,BugFix-Approvals.group_132_jin_sales_pos_users,1,0,0,0
access_x_minimum_sales_margin_admin,x_minimum_sales_margin admin,BugFix-Sales.model_x_minimum_sales_margin,base.group_system,1,1,1,1
access_1534_minimum_sales_margin_group_user,Minimum Sales Margin % group_user,BugFix-Sales.model_x_minimum_sales_margin,base.group_user,1,0,0,0
access_1533_minimum_sales_margin_group_system,Minimum Sales Margin % group_system,BugFix-Sales.model_x_minimum_sales_margin,base.group_system,1,1,1,1
access_1219_product_product_group_user,product.product group_user,product.model_product_product,base.group_user,1,0,0,0
access_1218_product_product_group_system,product.product group_system,product.model_product_product,base.group_system,1,1,1,1
access_1532_res_config_settings_group_user,res.config.settings group_user,hr.model_res_config_settings,base.group_user,1,1,1,0
access_1531_res_config_settings_group_system,res.config.settings group_system,hr.model_res_config_settings,base.group_system,1,1,1,1
